Августин,Мірошниченко,nazarsamoilenko@example.com,5H2wCx+Q!!tD+rg,09.10.1980
Ілля,Петренко,dmytro90@example.net,Yf8D)999%1!dRJx,30.01.1966
Софія,Романчук,snizhanaiarosh@example.com,+2OCgyl%j28)nob,11.09.2004
Емілія,Сірченко,demianiukokhrim@example.org,S7eG6X)zb)QS_Oa,16.10.1990
Станіслав,Скоробогатько,havryshkevychdanna@example.com,#XVX8fxg9qH8DzZ,11.12.1992
Едуард,Жадан,volodymyrkhudobiak@example.net,7D+r1(QJcV^21%j,21.07.1991
Борислав,Яремко,albert89@example.com,Kh&1pGF7v6@0xEm,30.11.1970
Оксенія,Бабак,arsenychonysym@example.com,wVSkAr#KV7&L29I,11.03.1998
Юстим,Рубець,vshyian@example.org,(vz4fyMk84G1mQq,23.06.1978
Богуслав,Дзиндра,odarkavlasiuk@example.com,BV*q#RAW#hYx1Wt,04.01.2000
Орися,Макаренко,nalyvaikomartyn@example.com,H(2KLp94(w)MGzH,31.03.1996
Олесь,Корбут,adamsheremet@example.com,gERWA7!Y!4)Dmnu,09.06.2002
Ярослав,Івасюк,bohdanna90@example.net,uzMHz%CH#8_dTgm,09.10.1996
Роман,Карпа,aarontovstolis@example.com,^5fck*Wn2JcK!9N,21.01.1995
Августин,Величко,roksolanababenko@example.org,TT8Q3!mH1wLfKWj,12.09.1989
